-481,-55,True,0,-9
-477,-64,True,0,-9
-473,-73,True,0,-9
-469,-82,True,0,-9
-465,-91,True,0,-9
-461,-100,False,0,-9
-457,-108,False,0,-8
-453,-115,False,0,-7
-449,-121,False,0,-6
-445,-126,False,0,-5
-441,-130,False,0,-4
-437,-133,False,0,-3
-433,-135,False,0,-2
-429,-136,False,0,-1
-425,-136,False,0,0
-421,-135,False,0,1
-417,-133,False,0,2
-413,-130,False,0,3
-409,-126,False,0,4
-405,-121,False,0,5
-401,-115,False,0,6
-397,-108,False,0,7
-393,-100,False,0,8
-389,-91,True,0,-9
-385,-100,False,0,-9
-381,-108,False,0,-8
-377,-115,False,0,-7
-373,-121,False,0,-6
-369,-126,False,0,-5
-365,-130,False,0,-4
-361,-133,False,0,-3
-357,-135,False,0,-2
-353,-136,False,0,-1
-349,-136,False,0,0
-345,-135,False,0,1
-341,-133,False,0,2
-337,-130,False,0,3
-333,-126,False,0,4
-329,-121,False,0,5
-325,-115,False,0,6
-321,-108,False,0,7
-317,-100,False,0,8
-313,-91,True,0,-9
-309,-100,False,0,-9
-305,-108,False,0,-8
-301,-115,False,0,-7
-297,-121,False,0,-6
-293,-126,False,0,-5
-289,-130,False,0,-4
-285,-133,False,0,-3
-281,-135,False,0,-2
-277,-136,False,0,-1
-273,-136,False,0,0
-269,-135,False,0,1
-265,-133,False,0,2
-261,-130,False,0,3
-257,-126,False,0,4
-253,-121,False,0,5
-249,-115,False,0,6
-245,-108,False,0,7
-241,-100,False,0,8
-237,-91,True,0,-9
-233,-100,False,0,-9
-229,-108,False,0,-8
-225,-115,False,0,-7
-221,-121,False,0,-6
-217,-126,False,0,-5
-213,-130,False,0,-4
-209,-133,False,0,-3
-205,-135,False,0,-2
-201,-136,False,0,-1
-197,-136,False,0,0
-193,-135,False,0,1
-189,-133,False,0,2
-185,-130,False,0,3
-181,-126,False,0,4
-177,-121,False,0,5
-173,-115,False,0,6
-169,-108,False,0,7
-165,-100,False,0,8
-161,-91,True,0,-9
-157,-100,False,0,-9
-153,-108,False,0,-8
-149,-115,False,0,-7
-145,-121,False,0,-6
-141,-126,False,0,-5
-137,-130,False,0,-4
-133,-133,False,0,-3
-129,-135,False,0,-2
-125,-136,False,0,-1
-121,-136,False,0,0
-117,-135,False,0,1
-113,-133,False,0,2
-109,-130,False,0,3
-105,-126,False,0,4
-101,-121,False,0,5
-97,-115,False,0,6
-93,-108,False,0,7
-89,-100,False,0,8
-85,-91,True,0,-9
-81,-100,False,0,-9
-77,-108,False,0,-8
-73,-115,False,0,-7
-69,-121,False,0,-6
-65,-126,False,0,-5
-61,-130,False,0,-4
-57,-133,False,0,-3
-53,-135,False,0,-2
-49,-136,False,0,-1
-45,-136,False,0,0
-41,-135,False,0,1
-37,-133,False,1,2
-33,-130,False,1,3
-29,-126,False,1,4
-25,-121,False,1,5
-21,-115,False,1,6
-17,-108,False,1,7
-13,-100,False,1,8
-9,-91,True,1,-9
-5,-100,False,1,-9
-1,-108,False,1,-8
3,-115,False,1,-7
7,-121,False,1,-6
11,-126,False,1,-5
15,-130,False,1,-4
19,-133,False,1,-3
23,-135,False,1,-2
27,-136,False,1,-1
31,-136,False,1,0
35,-135,False,1,1
39,-133,False,1,2
43,-130,False,1,3
47,-126,False,1,4
51,-121,False,1,5
55,-115,False,1,6
59,-108,False,1,7
-81.0,-165,False,1,8
-77.0,-156,False,1,9
-73.0,-146,False,1,10
-69.0,-136,False,1,10
-65.0,-126,False,1,10
-61.0,-116,False,1,10
-57.0,-106,False,1,10
-53.0,-96,True,1,-9
-49.0,-105,False,1,-9
-45.0,-113,False,1,-8
-41.0,-120,False,1,-7
-37.0,-126,False,2,-6
-33.0,-131,False,2,-5
-29.0,-135,False,2,-4
-25.0,-138,False,2,-3
-21.0,-140,False,2,-2
-17.0,-141,False,2,-1
-13.0,-141,False,2,0
-9.0,-140,False,2,1
-5.0,-138,False,2,2
-1.0,-135,False,2,3
3.0,-131,False,2,4
7.0,-126,False,2,5
11.0,-120,False,2,6
15.0,-113,False,2,7
19.0,-105,False,2,8
23.0,-96,True,2,-9
27.0,-105,False,2,-9
31.0,-113,False,2,-8
35.0,-120,False,2,-7
39.0,-126,False,2,-6
43.0,-131,False,2,-5
47.0,-135,False,2,-4
51.0,-138,False,2,-3
55.0,-140,False,2,-2
59.0,-141,False,2,-1
-87,-138,False,2,0
-83,-137,False,2,1
-79,-135,False,2,2
-75,-132,False,2,3
-71,-128,False,2,4
-67,-123,False,2,5
-63,-117,False,2,6
-59,-110,False,2,7
-55,-102,False,2,8
-51,-93,True,2,-9
-47,-102,False,2,-9
-43,-110,False,2,-8
-39,-117,False,2,-7
-35,-123,False,3,-6
-31,-128,False,3,-5
-27,-132,False,3,-4
-23,-135,False,3,-3
-19,-137,False,3,-2
-15,-138,False,3,-1
-11,-138,False,3,0
-7,-137,False,3,1
-3,-135,False,3,2
1,-132,False,3,3
5,-128,False,3,4
9,-123,False,3,5
13,-117,False,3,6
17,-110,False,3,7
21,-102,False,3,8
25,-93,True,3,-9
29,-102,False,3,-9
33,-110,False,3,-8
37,-117,False,3,-7
41,-123,False,3,-6
45,-128,False,3,-5
49,-132,False,3,-4
53,-135,False,3,-3
57,-137,False,3,-2
-83,-118,False,3,-1
-79,-118,False,3,0
-75,-117,False,3,1
-71,-115,False,3,2
-67,-112,False,3,3
-63,-108,False,3,4
-59,-103,False,3,5
-55,-97,True,3,-9
-51,-106,False,3,-9
-47,-114,False,3,-8
-43,-121,False,3,-7
-39,-127,False,3,-6
-35,-132,False,4,-5
-31,-136,False,4,-4
-27,-139,False,4,-3
-23,-141,False,4,-2
-19,-142,False,4,-1
-15,-142,False,4,0
-11,-141,False,4,1
-7,-139,False,4,2
-3,-136,False,4,3
1,-132,False,4,4
5,-127,False,4,5
9,-121,False,4,6
13,-114,False,4,7
17,-106,False,4,8
21,-97,True,4,-9
25,-106,False,4,-9
29,-114,False,4,-8
33,-121,False,4,-7
37,-127,False,4,-6
41,-132,False,4,-5
45,-136,False,4,-4
49,-139,False,4,-3
53,-141,False,4,-2
57,-142,False,4,-1
-91,-95,True,4,-9
-87,-104,False,4,-9
-83,-112,False,4,-8
-79,-119,False,4,-7
-75,-125,False,4,-6
-71,-130,False,4,-5
-67,-134,False,4,-4
-63,-137,False,4,-3
-59,-139,False,4,-2
-55,-140,False,4,-1
-51,-140,False,4,0
-47,-139,False,4,1
-43,-137,False,4,2
-39,-134,False,4,3
-35,-130,False,5,4
-31,-125,False,5,5
-27,-119,False,5,6
-23,-112,False,5,7
-19,-104,False,5,8
-15,-95,True,5,-9
-11,-104,False,5,-9
-7,-112,False,5,-8
-3,-119,False,5,-7
1,-125,False,5,-6
5,-130,False,5,-5
9,-134,False,5,-4
13,-137,False,5,-3
17,-139,False,5,-2
21,-140,False,5,-1
25,-140,False,5,0
29,-139,False,5,1
33,-137,False,5,2
37,-134,False,5,3
41,-130,False,5,4
45,-125,False,5,5
49,-119,False,5,6
53,-112,False,5,7
57,-104,False,5,8
-83,-162,False,5,9
-79,-152,False,5,10
-75,-142,False,5,10
-71,-132,False,5,10
-67,-122,False,5,10
-63,-112,False,5,10
-59,-102,False,5,10
-55,-92,True,5,-9
-51,-101,False,5,-9
-47,-109,False,5,-8
-43,-116,False,5,-7
-39,-122,False,5,-6
-35,-127,False,6,-5
-31,-131,False,6,-4
-27,-134,False,6,-3
-23,-136,False,6,-2
-19,-137,False,6,-1
-15,-137,False,6,0
-11,-136,False,6,1
-7,-134,False,6,2
-3,-131,False,6,3
1,-127,False,6,4
5,-122,False,6,5
9,-116,False,6,6
13,-109,False,6,7
17,-101,False,6,8
21,-92,True,6,-9
25,-101,False,6,-9
29,-109,False,6,-8
33,-116,False,6,-7
37,-122,False,6,-6
41,-127,False,6,-5
45,-131,False,6,-4
49,-134,False,6,-3
53,-136,False,6,-2
57,-137,False,6,-1
-91,-93,True,6,-9
-87,-102,False,6,-9
-83,-110,False,6,-8
-79,-117,False,6,-7
-75,-123,False,6,-6
-71,-128,False,6,-5
-67,-132,False,6,-4
-63,-135,False,6,-3
-59,-137,False,6,-2
-55,-138,False,6,-1
-51,-138,False,6,0
-47,-137,False,6,1
-43,-135,False,6,2
-39,-132,False,6,3
-35,-128,False,7,4
-31,-123,False,7,5
-27,-117,False,7,6
-23,-110,False,7,7
-19,-102,False,7,8
-15,-93,True,7,-9
-11,-102,False,7,-9
-7,-110,False,7,-8
-3,-117,False,7,-7
1,-123,False,7,-6
5,-128,False,7,-5
9,-132,False,7,-4
13,-135,False,7,-3
17,-137,False,7,-2
21,-138,False,7,-1
25,-138,False,7,0
29,-137,False,7,1
33,-135,False,7,2
37,-132,False,7,3
41,-128,False,7,4
45,-123,False,7,5
49,-117,False,7,6
53,-110,False,7,7
57,-102,False,7,8
-83,-137,False,7,9
-79,-127,False,7,10
-75,-117,False,7,10
-71,-107,False,7,10
-67,-97,True,7,-9
-63,-106,False,7,-9
-59,-114,False,7,-8
-55,-121,False,7,-7
-51,-127,False,7,-6
-47,-132,False,7,-5
-43,-136,False,7,-4
-39,-139,False,7,-3
-35,-141,False,8,-2
-31,-142,False,8,-1
-27,-142,False,8,0
-23,-141,False,8,1
-19,-139,False,8,2
-15,-136,False,8,3
-11,-132,False,8,4
-7,-127,False,8,5
-3,-121,False,8,6
1,-114,False,8,7
5,-106,False,8,8
9,-97,True,8,-9
13,-106,False,8,-9
17,-114,False,8,-8
21,-121,False,8,-7
25,-127,False,8,-6
29,-132,False,8,-5
33,-136,False,8,-4
37,-139,False,8,-3
41,-141,False,8,-2
45,-142,False,8,-1
49,-142,False,8,0
53,-141,False,8,1
57,-139,False,8,2
-91,-140,False,8,3
-87,-136,False,8,4
-83,-131,False,8,5
-79,-125,False,8,6
-75,-118,False,8,7
-71,-110,False,8,8
-67,-101,False,8,9
-63,-91,True,8,-9
-59,-100,False,8,-9
-55,-108,False,8,-8
-51,-115,False,8,-7
-47,-121,False,8,-6
-43,-126,False,8,-5
-39,-130,False,8,-4
-35,-133,False,9,-3
-31,-135,False,9,-2
-27,-136,False,9,-1
-23,-136,False,9,0
-19,-135,False,9,1
-15,-133,False,9,2
-11,-130,False,9,3
-7,-126,False,9,4
-3,-121,False,9,5
1,-115,False,9,6
5,-108,False,9,7
9,-100,False,9,8
13,-91,True,9,-9
17,-100,False,9,-9
21,-108,False,9,-8
25,-115,False,9,-7
29,-121,False,9,-6
33,-126,False,9,-5
37,-130,False,9,-4
41,-133,False,9,-3
45,-135,False,9,-2
49,-136,False,9,-1
53,-136,False,9,0
57,-135,False,9,1
-83,-121,False,9,2
-79,-118,False,9,3
-75,-114,False,9,4
-71,-109,False,9,5
-67,-103,False,9,6
-63,-96,True,9,-9
-59,-105,False,9,-9
-55,-113,False,9,-8
-51,-120,False,9,-7
-47,-126,False,9,-6
-43,-131,False,9,-5
-39,-135,False,9,-4
-35,-138,False,10,-3
-31,-140,False,10,-2
-27,-141,False,10,-1
-23,-141,False,10,0
-19,-140,False,10,1
-15,-138,False,10,2
-11,-135,False,10,3
-7,-131,False,10,4
-3,-126,False,10,5
1,-120,False,10,6
5,-113,False,10,7
9,-105,False,10,8
13,-96,True,10,-9
17,-105,False,10,-9
21,-113,False,10,-8
25,-120,False,10,-7
29,-126,False,10,-6
33,-131,False,10,-5
37,-135,False,10,-4
41,-138,False,10,-3
45,-140,False,10,-2
49,-141,False,10,-1
53,-141,False,10,0
57,-140,False,10,1
-91,-148,False,10,2
-87,-145,False,10,3
-83,-141,False,10,4
-79,-136,False,10,5
-75,-130,False,10,6
-71,-123,False,10,7
-67,-115,False,10,8
-63,-106,False,10,9
-59,-96,True,10,-9
-55,-105,False,10,-9
-51,-113,False,10,-8
-47,-120,False,10,-7
-43,-126,False,10,-6
-39,-131,False,10,-5
-35,-135,False,11,-4
-31,-138,False,11,-3
-27,-140,False,11,-2
-23,-141,False,11,-1
-19,-141,False,11,0
-15,-140,False,11,1
-11,-138,False,11,2
-7,-135,False,11,3
-3,-131,False,11,4
1,-126,False,11,5
5,-120,False,11,6
9,-113,False,11,7
13,-105,False,11,8
17,-96,True,11,-9
21,-105,False,11,-9
25,-113,False,11,-8
29,-120,False,11,-7
33,-126,False,11,-6
37,-131,False,11,-5
41,-135,False,11,-4
45,-138,False,11,-3
49,-140,False,11,-2
53,-141,False,11,-1
57,-141,False,11,0
-83,-149,False,11,1
-79,-147,False,11,2
-75,-144,False,11,3
-71,-140,False,11,4
-67,-135,False,11,5
-63,-129,False,11,6
-59,-122,False,11,7
-55,-114,False,11,8
-51,-105,False,11,9
-47,-95,True,11,-9
-43,-104,False,11,-9
-39,-112,False,11,-8
-35,-119,False,12,-7
-31,-125,False,12,-6
-27,-130,False,12,-5
-23,-134,False,12,-4
-19,-137,False,12,-3
-15,-139,False,12,-2
-11,-140,False,12,-1
-7,-140,False,12,0
-3,-139,False,12,1
1,-137,False,12,2
5,-134,False,12,3
9,-130,False,12,4
13,-125,False,12,5
17,-119,False,12,6
21,-112,False,12,7
25,-104,False,12,8
29,-95,True,12,-9
33,-104,False,12,-9
37,-112,False,12,-8
41,-119,False,12,-7
45,-125,False,12,-6
49,-130,False,12,-5
53,-134,False,12,-4
57,-137,False,12,-3
-91,-74,True,12,-9
-87,-83,True,12,-9
-83,-92,True,12,-9
-79,-101,False,12,-9
-75,-109,False,12,-8
-71,-116,False,12,-7
-67,-122,False,12,-6
-63,-127,False,12,-5
-59,-131,False,12,-4
-55,-134,False,12,-3
-51,-136,False,12,-2
-47,-137,False,12,-1
-43,-137,False,12,0
-39,-136,False,12,1
-35,-134,False,13,2
-31,-131,False,13,3
-27,-127,False,13,4
-23,-122,False,13,5
-19,-116,False,13,6
-15,-109,False,13,7
-11,-101,False,13,8
-7,-92,True,13,-9
-3,-101,False,13,-9
1,-109,False,13,-8
5,-116,False,13,-7
9,-122,False,13,-6
13,-127,False,13,-5
17,-131,False,13,-4
21,-134,False,13,-3
25,-136,False,13,-2
29,-137,False,13,-1
33,-137,False,13,0
37,-136,False,13,1
41,-134,False,13,2
45,-131,False,13,3
49,-127,False,13,4
53,-122,False,13,5
57,-116,False,13,6
-83,-135,False,13,7
-79,-127,False,13,8
-75,-118,False,13,9
-71,-108,False,13,10
-67,-98,True,13,-9
-63,-107,False,13,-9
-59,-115,False,13,-8
-55,-122,False,13,-7
-51,-128,False,13,-6
-47,-133,False,13,-5
-43,-137,False,13,-4
-39,-140,False,13,-3
-35,-142,False,14,-2
-31,-143,False,14,-1
-27,-143,False,14,0
-23,-142,False,14,1
-19,-140,False,14,2
-15,-137,False,14,3
-11,-133,False,14,4
-7,-128,False,14,5
-3,-122,False,14,6
1,-115,False,14,7
5,-107,False,14,8
9,-98,True,14,-9
13,-107,False,14,-9
17,-115,False,14,-8
21,-122,False,14,-7
25,-128,False,14,-6
29,-133,False,14,-5
33,-137,False,14,-4
37,-140,False,14,-3
41,-142,False,14,-2
45,-143,False,14,-1
49,-143,False,14,0
53,-142,False,14,1
57,-140,False,14,2
-91,-98,True,14,-9
-87,-107,False,14,-9
-83,-115,False,14,-8
-79,-122,False,14,-7
-75,-128,False,14,-6
-71,-133,False,14,-5
-67,-137,False,14,-4
-63,-140,False,14,-3
-59,-142,False,14,-2
-55,-143,False,14,-1
-51,-143,False,14,0
-47,-142,False,14,1
-43,-140,False,14,2
-39,-137,False,14,3
-35,-133,False,15,4
-31,-128,False,15,5
-27,-122,False,15,6
-23,-115,False,15,7
-19,-107,False,15,8
-15,-98,True,15,-9
-11,-107,False,15,-9
-7,-115,False,15,-8
-3,-122,False,15,-7
1,-128,False,15,-6
5,-133,False,15,-5
9,-137,False,15,-4
13,-140,False,15,-3
17,-142,False,15,-2
21,-143,False,15,-1
25,-143,False,15,0
29,-142,False,15,1
33,-140,False,15,2
37,-137,False,15,3
41,-133,False,15,4
45,-128,False,15,5
49,-122,False,15,6
53,-115,False,15,7
57,-107,False,15,8
-83,-140,False,15,9
-79,-130,False,15,10
-75,-120,False,15,10
-71,-110,False,15,10
-67,-100,False,15,10
-63,-90,True,15,-9
-59,-99,True,15,-9
-55,-108,False,15,-9
-51,-116,False,15,-8
-47,-123,False,15,-7
-43,-129,False,15,-6
-39,-134,False,15,-5
-35,-138,False,16,-4
-31,-141,False,16,-3
-27,-143,False,16,-2
-23,-144,False,16,-1
-19,-144,False,16,0
-15,-143,False,16,1
-11,-141,False,16,2
-7,-138,False,16,3
-3,-134,False,16,4
1,-129,False,16,5
5,-123,False,16,6
9,-116,False,16,7
13,-108,False,16,8
17,-99,True,16,-9
21,-108,False,16,-9
25,-116,False,16,-8
29,-123,False,16,-7
33,-129,False,16,-6
37,-134,False,16,-5
41,-138,False,16,-4
45,-141,False,16,-3
49,-143,False,16,-2
53,-144,False,16,-1
57,-144,False,16,0
-91,-160,False,16,1
-87,-158,False,16,2
-83,-155,False,16,3
-79,-151,False,16,4
-75,-146,False,16,5
-71,-140,False,16,6
-67,-133,False,16,7
-63,-125,False,16,8
-59,-116,False,16,9
-55,-106,False,16,10
-51,-96,True,16,-9
-47,-105,False,16,-9
-43,-113,False,16,-8
-39,-120,False,16,-7
-35,-126,False,17,-6
-31,-131,False,17,-5
-27,-135,False,17,-4
-23,-138,False,17,-3
-19,-140,False,17,-2
-15,-141,False,17,-1
-11,-141,False,17,0
-7,-140,False,17,1
-3,-138,False,17,2
1,-135,False,17,3
5,-131,False,17,4
9,-126,False,17,5
13,-120,False,17,6
17,-113,False,17,7
21,-105,False,17,8
25,-96,True,17,-9
29,-105,False,17,-9
33,-113,False,17,-8
37,-120,False,17,-7
41,-126,False,17,-6
45,-131,False,17,-5
49,-135,False,17,-4
53,-138,False,17,-3
57,-140,False,17,-2
-83,-102,False,17,-1
-79,-102,False,17,0
-75,-101,False,17,1
-71,-99,True,17,-9
-67,-108,False,17,-9
-63,-116,False,17,-8
-59,-123,False,17,-7
-55,-129,False,17,-6
-51,-134,False,17,-5
-47,-138,False,17,-4
-43,-141,False,17,-3
-39,-143,False,17,-2
-35,-144,False,18,-1
-31,-144,False,18,0
-27,-143,False,18,1
-23,-141,False,18,2
-19,-138,False,18,3
-15,-134,False,18,4
-11,-129,False,18,5
-7,-123,False,18,6
-3,-116,False,18,7
1,-108,False,18,8
5,-99,True,18,-9
9,-108,False,18,-9
13,-116,False,18,-8
17,-123,False,18,-7
21,-129,False,18,-6
25,-134,False,18,-5
29,-138,False,18,-4
33,-141,False,18,-3
37,-143,False,18,-2
41,-144,False,18,-1
45,-144,False,18,0
49,-143,False,18,1
53,-141,False,18,2
57,-138,False,18,3
-91,-187,False,18,4
-87,-182,False,18,5
-83,-176,False,18,6
-79,-169,False,18,7
-75,-161,False,18,8
-71,-152,False,18,9
-67,-142,False,18,10
-63,-132,False,18,10
-59,-122,False,18,10
-55,-112,False,18,10
-51,-102,False,18,10
-47,-92,True,18,-9
-43,-101,False,18,-9
-39,-109,False,18,-8
-35,-116,False,19,-7
-31,-122,False,19,-6
-27,-127,False,19,-5
-23,-131,False,19,-4
-19,-134,False,19,-3
-15,-136,False,19,-2
-11,-137,False,19,-1
-7,-137,False,19,0
-3,-136,False,19,1
1,-134,False,19,2
5,-131,False,19,3
9,-127,False,19,4
13,-122,False,19,5
17,-116,False,19,6
21,-109,False,19,7
25,-101,False,19,8
29,-92,True,19,-9
33,-101,False,19,-9
37,-109,False,19,-8
41,-116,False,19,-7
45,-122,False,19,-6
49,-127,False,19,-5
53,-131,False,19,-4
57,-134,False,19,-3
-83,-144,False,19,-2
-79,-145,False,19,-1
-75,-145,False,19,0
-71,-144,False,19,1
-67,-142,False,19,2
-63,-139,False,19,3
-59,-135,False,19,4
-55,-130,False,19,5
-51,-124,False,19,6
-47,-117,False,19,7
-43,-109,False,19,8
-39,-100,False,19,9
-35,-90,True,20,-9
-31,-99,True,20,-9
-27,-108,False,20,-9
-23,-116,False,20,-8
-19,-123,False,20,-7
-15,-129,False,20,-6
-11,-134,False,20,-5
-7,-138,False,20,-4
-3,-141,False,20,-3
1,-143,False,20,-2
5,-144,False,20,-1
9,-144,False,20,0
13,-143,False,20,1
17,-141,False,20,2
21,-138,False,20,3
25,-134,False,20,4
29,-129,False,20,5
33,-123,False,20,6
37,-116,False,20,7
41,-108,False,20,8
45,-99,True,20,-9
49,-108,False,20,-9
53,-116,False,20,-8
57,-123,False,20,-7
-91,-64,True,20,-9
-87,-73,True,20,-9
-83,-82,True,20,-9
-79,-91,True,20,-9
-75,-100,False,20,-9
-71,-108,False,20,-8
-67,-115,False,20,-7
-63,-121,False,20,-6
-59,-126,False,20,-5
-55,-130,False,20,-4
-51,-133,False,20,-3
-47,-135,False,20,-2
-43,-136,False,20,-1
-39,-136,False,20,0
-35,-135,False,21,1
-31,-133,False,21,2
-27,-130,False,21,3
-23,-126,False,21,4
-19,-121,False,21,5
-15,-115,False,21,6
-11,-108,False,21,7
-7,-100,False,21,8
-3,-91,True,21,-9
1,-100,False,21,-9
5,-108,False,21,-8
9,-115,False,21,-7
13,-121,False,21,-6
17,-126,False,21,-5
21,-130,False,21,-4
25,-133,False,21,-3
29,-135,False,21,-2
33,-136,False,21,-1
37,-136,False,21,0
41,-135,False,21,1
45,-133,False,21,2
49,-130,False,21,3
53,-126,False,21,4
57,-121,False,21,5
-83,-171,False,21,6
-79,-164,False,21,7
-75,-156,False,21,8
-71,-147,False,21,9
-67,-137,False,21,10
-63,-127,False,21,10
-59,-117,False,21,10
-55,-107,False,21,10
-51,-97,True,21,-9
-47,-106,False,21,-9
-43,-114,False,21,-8
-39,-121,False,21,-7
-35,-127,False,22,-6
-31,-132,False,22,-5
-27,-136,False,22,-4
-23,-139,False,22,-3
-19,-141,False,22,-2
-15,-142,False,22,-1
-11,-142,False,22,0
-7,-141,False,22,1
-3,-139,False,22,2
1,-136,False,22,3
5,-132,False,22,4
9,-127,False,22,5
13,-121,False,22,6
17,-114,False,22,7
21,-106,False,22,8
25,-97,True,22,-9
29,-106,False,22,-9
33,-114,False,22,-8
37,-121,False,22,-7
41,-127,False,22,-6
45,-132,False,22,-5
49,-136,False,22,-4
53,-139,False,22,-3
57,-141,False,22,-2
-91,-96,True,22,-9
-87,-105,False,22,-9
-83,-113,False,22,-8
-79,-120,False,22,-7
-75,-126,False,22,-6
-71,-131,False,22,-5
-67,-135,False,22,-4
-63,-138,False,22,-3
-59,-140,False,22,-2
-55,-141,False,22,-1
-51,-141,False,22,0
-47,-140,False,22,1
-43,-138,False,22,2
-39,-135,False,22,3
-35,-131,False,23,4
-31,-126,False,23,5
-27,-120,False,23,6
-23,-113,False,23,7
-19,-105,False,23,8
-15,-96,True,23,-9
-11,-105,False,23,-9
-7,-113,False,23,-8
-3,-120,False,23,-7
1,-126,False,23,-6
5,-131,False,23,-5
9,-135,False,23,-4
13,-138,False,23,-3
17,-140,False,23,-2
21,-141,False,23,-1
25,-141,False,23,0
29,-140,False,23,1
33,-138,False,23,2
37,-135,False,23,3
41,-131,False,23,4
45,-126,False,23,5
49,-120,False,23,6
53,-113,False,23,7
57,-105,False,23,8
-83,-121,False,23,9
-79,-111,False,23,10
-75,-101,False,23,10
-71,-91,True,23,-9
-67,-100,False,23,-9
-63,-108,False,23,-8
-59,-115,False,23,-7
-55,-121,False,23,-6
-51,-126,False,23,-5
-47,-130,False,23,-4
-43,-133,False,23,-3
-39,-135,False,23,-2
-35,-136,False,24,-1
-31,-136,False,24,0
-27,-135,False,24,1
-23,-133,False,24,2
-19,-130,False,24,3
-15,-126,False,24,4
-11,-121,False,24,5
-7,-115,False,24,6
-3,-108,False,24,7
1,-100,False,24,8
5,-91,True,24,-9
9,-100,False,24,-9
13,-108,False,24,-8
17,-115,False,24,-7
21,-121,False,24,-6
25,-126,False,24,-5
29,-130,False,24,-4
33,-133,False,24,-3
37,-135,False,24,-2
41,-136,False,24,-1
45,-136,False,24,0
49,-135,False,24,1
53,-133,False,24,2
57,-130,False,24,3
-91,-93,True,24,-9
-87,-102,False,24,-9
-83,-110,False,24,-8
-79,-117,False,24,-7
-75,-123,False,24,-6
-71,-128,False,24,-5
-67,-132,False,24,-4
-63,-135,False,24,-3
-59,-137,False,24,-2
-55,-138,False,24,-1
-51,-138,False,24,0
-47,-137,False,24,1
-43,-135,False,24,2
-39,-132,False,24,3
-35,-128,False,25,4
-31,-123,False,25,5
-27,-117,False,25,6
-23,-110,False,25,7
-19,-102,False,25,8
-15,-93,True,25,-9
-11,-102,False,25,-9
-7,-110,False,25,-8
-3,-117,False,25,-7
1,-123,False,25,-6
5,-128,False,25,-5
9,-132,False,25,-4
13,-135,False,25,-3
17,-137,False,25,-2
21,-138,False,25,-1
25,-138,False,25,0
29,-137,False,25,1
33,-135,False,25,2
37,-132,False,25,3
41,-128,False,25,4
45,-123,False,25,5
49,-117,False,25,6
53,-110,False,25,7
57,-102,False,25,8
-83,-101,False,25,9
-79,-91,True,25,-9
-75,-100,False,25,-9
-71,-108,False,25,-8
-67,-115,False,25,-7
-63,-121,False,25,-6
-59,-126,False,25,-5
-55,-130,False,25,-4
-51,-133,False,25,-3
-47,-135,False,25,-2
-43,-136,False,25,-1
-39,-136,False,25,0
-35,-135,False,26,1
-31,-133,False,26,2
-27,-130,False,26,3
-23,-126,False,26,4
-19,-121,False,26,5
-15,-115,False,26,6
-11,-108,False,26,7
-7,-100,False,26,8
-3,-91,True,26,-9
1,-100,False,26,-9
5,-108,False,26,-8
9,-115,False,26,-7
13,-121,False,26,-6
17,-126,False,26,-5
21,-130,False,26,-4
25,-133,False,26,-3
29,-135,False,26,-2
33,-136,False,26,-1
37,-136,False,26,0
41,-135,False,26,1
45,-133,False,26,2
49,-130,False,26,3
53,-126,False,26,4
57,-121,False,26,5
-91,-139,False,26,6
-87,-132,False,26,7
-83,-124,False,26,8
-79,-115,False,26,9
-75,-105,False,26,10
-71,-95,True,26,-9
-67,-104,False,26,-9
-63,-112,False,26,-8
-59,-119,False,26,-7
-55,-125,False,26,-6
-51,-130,False,26,-5
-47,-134,False,26,-4
-43,-137,False,26,-3
-39,-139,False,26,-2
-35,-140,False,27,-1
-31,-140,False,27,0
-27,-139,False,27,1
-23,-137,False,27,2
-19,-134,False,27,3
-15,-130,False,27,4
-11,-125,False,27,5
-7,-119,False,27,6
-3,-112,False,27,7
1,-104,False,27,8
5,-95,True,27,-9
9,-104,False,27,-9
13,-112,False,27,-8
17,-119,False,27,-7
21,-125,False,27,-6
25,-130,False,27,-5
29,-134,False,27,-4
33,-137,False,27,-3
37,-139,False,27,-2
41,-140,False,27,-1
45,-140,False,27,0
49,-139,False,27,1
53,-137,False,27,2
57,-134,False,27,3
-83,-156,False,27,4
-79,-151,False,27,5
-75,-145,False,27,6
-71,-138,False,27,7
-67,-130,False,27,8
-63,-121,False,27,9
-59,-111,False,27,10
-55,-101,False,27,10
-51,-91,True,27,-9
-47,-100,False,27,-9
-43,-108,False,27,-8
-39,-115,False,27,-7
-35,-121,False,28,-6
-31,-126,False,28,-5
-27,-130,False,28,-4
-23,-133,False,28,-3
-19,-135,False,28,-2
-15,-136,False,28,-1
-11,-136,False,28,0
-7,-135,False,28,1
-3,-133,False,28,2
1,-130,False,28,3
5,-126,False,28,4
9,-121,False,28,5
13,-115,False,28,6
17,-108,False,28,7
21,-100,False,28,8
25,-91,True,28,-9
29,-100,False,28,-9
33,-108,False,28,-8
37,-115,False,28,-7
41,-121,False,28,-6
45,-126,False,28,-5
49,-130,False,28,-4
53,-133,False,28,-3
57,-135,False,28,-2
-91,-80,True,28,-9
-87,-89,True,28,-9
-83,-98,True,28,-9
-79,-107,False,28,-9
-75,-115,False,28,-8
-71,-122,False,28,-7
-67,-128,False,28,-6
-63,-133,False,28,-5
-59,-137,False,28,-4
-55,-140,False,28,-3
-51,-142,False,28,-2
-47,-143,False,28,-1
-43,-143,False,28,0
-39,-142,False,28,1
-35,-140,False,29,2
-31,-137,False,29,3
-27,-133,False,29,4
-23,-128,False,29,5
-19,-122,False,29,6
-15,-115,False,29,7
-11,-107,False,29,8
-7,-98,True,29,-9
-3,-107,False,29,-9
1,-115,False,29,-8
5,-122,False,29,-7
9,-128,False,29,-6
13,-133,False,29,-5
17,-137,False,29,-4
21,-140,False,29,-3
25,-142,False,29,-2
29,-143,False,29,-1
33,-143,False,29,0
37,-142,False,29,1
41,-140,False,29,2
45,-137,False,29,3
49,-133,False,29,4
53,-128,False,29,5
57,-122,False,29,6
-83,-161,False,29,7
-79,-153,False,29,8
-75,-144,False,29,9
-71,-134,False,29,10
-67,-124,False,29,10
-63,-114,False,29,10
-59,-104,False,29,10
-55,-94,True,29,-9
-51,-103,False,29,-9
-47,-111,False,29,-8
-43,-118,False,29,-7
-39,-124,False,29,-6
-35,-129,False,30,-5
-31,-133,False,30,-4
-27,-136,False,30,-3
-23,-138,False,30,-2
-19,-139,False,30,-1
-15,-139,False,30,0
-11,-138,False,30,1
-7,-136,False,30,2
-3,-133,False,30,3
1,-129,False,30,4
5,-124,False,30,5
9,-118,False,30,6
13,-111,False,30,7
17,-103,False,30,8
21,-94,True,30,-9
25,-103,False,30,-9
29,-111,False,30,-8
33,-118,False,30,-7
37,-124,False,30,-6
41,-129,False,30,-5
45,-133,False,30,-4
49,-136,False,30,-3
53,-138,False,30,-2
57,-139,False,30,-1
-91,-74,True,30,-9
-87,-83,True,30,-9
-83,-92,True,30,-9
-79,-101,False,30,-9
-75,-109,False,30,-8
-71,-116,False,30,-7
-67,-122,False,30,-6
-63,-127,False,30,-5
-59,-131,False,30,-4
-55,-134,False,30,-3
-51,-136,False,30,-2
-47,-137,False,30,-1
-43,-137,False,30,0
-39,-136,False,30,1
-35,-134,False,31,2
-31,-131,False,31,3
-27,-127,False,31,4
-23,-122,False,31,5
-19,-116,False,31,6
-15,-109,False,31,7
-11,-101,False,31,8
-7,-92,True,31,-9
-3,-101,False,31,-9
1,-109,False,31,-8
5,-116,False,31,-7
9,-122,False,31,-6
13,-127,False,31,-5
17,-131,False,31,-4
21,-134,False,31,-3
25,-136,False,31,-2
29,-137,False,31,-1
33,-137,False,31,0
37,-136,False,31,1
41,-134,False,31,2
45,-131,False,31,3
49,-127,False,31,4
53,-122,False,31,5
57,-116,False,31,6
-83,-122,False,31,7
-79,-114,False,31,8
-75,-105,False,31,9
-71,-95,True,31,-9
-67,-104,False,31,-9
-63,-112,False,31,-8
-59,-119,False,31,-7
-55,-125,False,31,-6
-51,-130,False,31,-5
-47,-134,False,31,-4
-43,-137,False,31,-3
-39,-139,False,31,-2
-35,-140,False,32,-1
-31,-140,False,32,0
-27,-139,False,32,1
-23,-137,False,32,2
-19,-134,False,32,3
-15,-130,False,32,4
-11,-125,False,32,5
-7,-119,False,32,6
-3,-112,False,32,7
1,-104,False,32,8
5,-95,True,32,-9
9,-104,False,32,-9
13,-112,False,32,-8
17,-119,False,32,-7
21,-125,False,32,-6
25,-130,False,32,-5
29,-134,False,32,-4
33,-137,False,32,-3
37,-139,False,32,-2
41,-140,False,32,-1
45,-140,False,32,0
49,-139,False,32,1
53,-137,False,32,2
57,-134,False,32,3
-91,-194,False,32,4
-87,-189,False,32,5
-83,-183,False,32,6
-79,-176,False,32,7
-75,-168,False,32,8
-71,-159,False,32,9
-67,-149,False,32,10
-63,-139,False,32,10
-59,-129,False,32,10
-55,-119,False,32,10
-51,-109,False,32,10
-47,-99,True,32,-9
-43,-108,False,32,-9
-39,-116,False,32,-8
-35,-123,False,33,-7
-31,-129,False,33,-6
-27,-134,False,33,-5
-23,-138,False,33,-4
-19,-141,False,33,-3
-15,-143,False,33,-2
-11,-144,False,33,-1
-7,-144,False,33,0
-3,-143,False,33,1
1,-141,False,33,2
5,-138,False,33,3
9,-134,False,33,4
13,-129,False,33,5
17,-123,False,33,6
21,-116,False,33,7
25,-108,False,33,8
29,-99,True,33,-9
33,-108,False,33,-9
37,-116,False,33,-8
41,-123,False,33,-7
45,-129,False,33,-6
49,-134,False,33,-5
53,-138,False,33,-4
57,-141,False,33,-3
-83,-86,True,33,-9
-79,-95,True,33,-9
-75,-104,False,33,-9
-71,-112,False,33,-8
-67,-119,False,33,-7
-63,-125,False,33,-6
-59,-130,False,33,-5
-55,-134,False,33,-4
-51,-137,False,33,-3
-47,-139,False,33,-2
-43,-140,False,33,-1
-39,-140,False,33,0
-35,-139,False,34,1
-31,-137,False,34,2
-27,-134,False,34,3
-23,-130,False,34,4
-19,-125,False,34,5
-15,-119,False,34,6
-11,-112,False,34,7
-7,-104,False,34,8
-3,-95,True,34,-9
1,-104,False,34,-9
5,-112,False,34,-8
9,-119,False,34,-7
13,-125,False,34,-6
17,-130,False,34,-5
21,-134,False,34,-4
25,-137,False,34,-3
29,-139,False,34,-2
33,-140,False,34,-1
37,-140,False,34,0
41,-139,False,34,1
45,-137,False,34,2
49,-134,False,34,3
53,-130,False,34,4
57,-125,False,34,5
-91,-142,False,34,6
-87,-135,False,34,7
-83,-127,False,34,8
-79,-118,False,34,9
-75,-108,False,34,10
-71,-98,True,34,-9
-67,-107,False,34,-9
-63,-115,False,34,-8
-59,-122,False,34,-7
-55,-128,False,34,-6
-51,-133,False,34,-5
-47,-137,False,34,-4
-43,-140,False,34,-3
-39,-142,False,34,-2
-35,-143,False,35,-1
-31,-143,False,35,0
-27,-142,False,35,1
-23,-140,False,35,2
-19,-137,False,35,3
-15,-133,False,35,4
-11,-128,False,35,5
-7,-122,False,35,6
-3,-115,False,35,7
1,-107,False,35,8
5,-98,True,35,-9
9,-107,False,35,-9
13,-115,False,35,-8
17,-122,False,35,-7
21,-128,False,35,-6
25,-133,False,35,-5
29,-137,False,35,-4
33,-140,False,35,-3
37,-142,False,35,-2
41,-143,False,35,-1
45,-143,False,35,0
49,-142,False,35,1
53,-140,False,35,2
57,-137,False,35,3
-83,-147,False,35,4
-79,-142,False,35,5
-75,-136,False,35,6
-71,-129,False,35,7
-67,-121,False,35,8
-63,-112,False,35,9
-59,-102,False,35,10
-55,-92,True,35,-9
-51,-101,False,35,-9
-47,-109,False,35,-8
-43,-116,False,35,-7
-39,-122,False,35,-6
-35,-127,False,36,-5
-31,-131,False,36,-4
-27,-134,False,36,-3
-23,-136,False,36,-2
-19,-137,False,36,-1
-15,-137,False,36,0
-11,-136,False,36,1
-7,-134,False,36,2
-3,-131,False,36,3
1,-127,False,36,4
5,-122,False,36,5
9,-116,False,36,6
13,-109,False,36,7
17,-101,False,36,8
21,-92,True,36,-9
25,-101,False,36,-9
29,-109,False,36,-8
33,-116,False,36,-7
37,-122,False,36,-6
41,-127,False,36,-5
45,-131,False,36,-4
49,-134,False,36,-3
53,-136,False,36,-2
57,-137,False,36,-1
-91,-117,False,36,0
-87,-116,False,36,1
-83,-114,False,36,2
-79,-111,False,36,3
-75,-107,False,36,4
-71,-102,False,36,5
-67,-96,True,36,-9
-63,-105,False,36,-9
-59,-113,False,36,-8
-55,-120,False,36,-7
-51,-126,False,36,-6
-47,-131,False,36,-5
-43,-135,False,36,-4
-39,-138,False,36,-3
-35,-140,False,37,-2
-31,-141,False,37,-1
-27,-141,False,37,0
-23,-140,False,37,1
-19,-138,False,37,2
-15,-135,False,37,3
-11,-131,False,37,4
-7,-126,False,37,5
-3,-120,False,37,6
1,-113,False,37,7
5,-105,False,37,8
9,-96,True,37,-9
13,-105,False,37,-9
17,-113,False,37,-8
21,-120,False,37,-7
25,-126,False,37,-6
29,-131,False,37,-5
33,-135,False,37,-4
37,-138,False,37,-3
41,-140,False,37,-2
45,-141,False,37,-1
49,-141,False,37,0
53,-140,False,37,1
57,-138,False,37,2
-83,-109,False,37,3
-79,-105,False,37,4
-75,-100,False,37,5
-71,-94,True,37,-9
-67,-103,False,37,-9
-63,-111,False,37,-8
-59,-118,False,37,-7
-55,-124,False,37,-6
-51,-129,False,37,-5
-47,-133,False,37,-4
-43,-136,False,37,-3
-39,-138,False,37,-2
-35,-139,False,38,-1
-31,-139,False,38,0
-27,-138,False,38,1
-23,-136,False,38,2
-19,-133,False,38,3
-15,-129,False,38,4
-11,-124,False,38,5
-7,-118,False,38,6
-3,-111,False,38,7
1,-103,False,38,8
5,-94,True,38,-9
9,-103,False,38,-9
13,-111,False,38,-8
17,-118,False,38,-7
21,-124,False,38,-6
25,-129,False,38,-5
29,-133,False,38,-4
33,-136,False,38,-3
37,-138,False,38,-2
41,-139,False,38,-1
45,-139,False,38,0
49,-138,False,38,1
53,-136,False,38,2
57,-133,False,38,3
-91,-197,False,38,4
-87,-192,False,38,5
-83,-186,False,38,6
-79,-179,False,38,7
-75,-171,False,38,8
-71,-162,False,38,9
-67,-152,False,38,10
-63,-142,False,38,10
-59,-132,False,38,10
-55,-122,False,38,10
-51,-112,False,38,10
-47,-102,False,38,10
-43,-92,True,38,-9
-39,-101,False,38,-9
-35,-109,False,39,-8
-31,-116,False,39,-7
-27,-122,False,39,-6
-23,-127,False,39,-5
-19,-131,False,39,-4
-15,-134,False,39,-3
-11,-136,False,39,-2
-7,-137,False,39,-1
-3,-137,False,39,0
1,-136,False,39,1
5,-134,False,39,2
9,-131,False,39,3
13,-127,False,39,4
17,-122,False,39,5
21,-116,False,39,6
25,-109,False,39,7
29,-101,False,39,8
33,-92,True,39,-9
37,-101,False,39,-9
41,-109,False,39,-8
45,-116,False,39,-7
49,-122,False,39,-6
53,-127,False,39,-5
57,-131,False,39,-4
-83,-93,True,39,-9
-79,-102,False,39,-9
-75,-110,False,39,-8
-71,-117,False,39,-7
-67,-123,False,39,-6
-63,-128,False,39,-5
-59,-132,False,39,-4
-55,-135,False,39,-3
-51,-137,False,39,-2
-47,-138,False,39,-1
-43,-138,False,39,0
-39,-137,False,39,1
-35,-135,False,40,2
-31,-132,False,40,3
-27,-128,False,40,4
-23,-123,False,40,5
-19,-117,False,40,6
-15,-110,False,40,7
-11,-102,False,40,8
-7,-93,True,40,-9
-3,-102,False,40,-9
1,-110,False,40,-8
5,-117,False,40,-7
9,-123,False,40,-6
13,-128,False,40,-5
17,-132,False,40,-4
21,-135,False,40,-3
25,-137,False,40,-2
29,-138,False,40,-1
33,-138,False,40,0
37,-137,False,40,1
41,-135,False,40,2
45,-132,False,40,3
49,-128,False,40,4
53,-123,False,40,5
57,-117,False,40,6
-91,-71,True,40,-9
-87,-80,True,40,-9
-83,-89,True,40,-9
-79,-98,True,40,-9
-75,-107,False,40,-9
-71,-115,False,40,-8
-67,-122,False,40,-7
-63,-128,False,40,-6
-59,-133,False,40,-5
-55,-137,False,40,-4
-51,-140,False,40,-3
-47,-142,False,40,-2
-43,-143,False,40,-1
-39,-143,False,40,0
-35,-142,False,41,1
-31,-140,False,41,2
-27,-137,False,41,3
-23,-133,False,41,4
-19,-128,False,41,5
-15,-122,False,41,6
-11,-115,False,41,7
-7,-107,False,41,8
-3,-98,True,41,-9
1,-107,False,41,-9
5,-115,False,41,-8
9,-122,False,41,-7
13,-128,False,41,-6
17,-133,False,41,-5
21,-137,False,41,-4
25,-140,False,41,-3
29,-142,False,41,-2
33,-143,False,41,-1
37,-143,False,41,0
41,-142,False,41,1
45,-140,False,41,2
49,-137,False,41,3
53,-133,False,41,4
57,-128,False,41,5
-83,-177,False,41,6
-79,-170,False,41,7
-75,-162,False,41,8
-71,-153,False,41,9
-67,-143,False,41,10
-63,-133,False,41,10
-59,-123,False,41,10
-55,-113,False,41,10
-51,-103,False,41,10
-47,-93,True,41,-9
-43,-102,False,41,-9
-39,-110,False,41,-8
-35,-117,False,42,-7
-31,-123,False,42,-6
-27,-128,False,42,-5
-23,-132,False,42,-4
-19,-135,False,42,-3
-15,-137,False,42,-2
-11,-138,False,42,-1
-7,-138,False,42,0
-3,-137,False,42,1
1,-135,False,42,2
5,-132,False,42,3
9,-128,False,42,4
13,-123,False,42,5
17,-117,False,42,6
21,-110,False,42,7
25,-102,False,42,8
29,-93,True,42,-9
33,-102,False,42,-9
37,-110,False,42,-8
41,-117,False,42,-7
45,-123,False,42,-6
49,-128,False,42,-5
53,-132,False,42,-4
57,-135,False,42,-3
-91,-106,False,42,-2
-87,-107,False,42,-1
-83,-107,False,42,0
-79,-106,False,42,1
-75,-104,False,42,2
-71,-101,False,42,3
-67,-97,True,42,-9
-63,-106,False,42,-9
-59,-114,False,42,-8
-55,-121,False,42,-7
-51,-127,False,42,-6
-47,-132,False,42,-5
-43,-136,False,42,-4
-39,-139,False,42,-3
-35,-141,False,43,-2
-31,-142,False,43,-1
-27,-142,False,43,0
-23,-141,False,43,1
-19,-139,False,43,2
-15,-136,False,43,3
-11,-132,False,43,4
-7,-127,False,43,5
-3,-121,False,43,6
1,-114,False,43,7
5,-106,False,43,8
9,-97,True,43,-9
13,-106,False,43,-9
17,-114,False,43,-8
21,-121,False,43,-7
25,-127,False,43,-6
29,-132,False,43,-5
33,-136,False,43,-4
37,-139,False,43,-3
41,-141,False,43,-2
45,-142,False,43,-1
49,-142,False,43,0
53,-141,False,43,1
57,-139,False,43,2
-83,-132,False,43,3
-79,-128,False,43,4
-75,-123,False,43,5
-71,-117,False,43,6
-67,-110,False,43,7
-63,-102,False,43,8
-59,-93,True,43,-9
-55,-102,False,43,-9
-51,-110,False,43,-8
-47,-117,False,43,-7
-43,-123,False,43,-6
-39,-128,False,43,-5
-35,-132,False,44,-4
-31,-135,False,44,-3
-27,-137,False,44,-2
-23,-138,False,44,-1
-19,-138,False,44,0
-15,-137,False,44,1
-11,-135,False,44,2
-7,-132,False,44,3
-3,-128,False,44,4
1,-123,False,44,5
5,-117,False,44,6
9,-110,False,44,7
13,-102,False,44,8
17,-93,True,44,-9
21,-102,False,44,-9
25,-110,False,44,-8
29,-117,False,44,-7
33,-123,False,44,-6
37,-128,False,44,-5
41,-132,False,44,-4
45,-135,False,44,-3
49,-137,False,44,-2
53,-138,False,44,-1
57,-138,False,44,0
-91,-145,False,44,1
-87,-143,False,44,2
-83,-140,False,44,3
-79,-136,False,44,4
-75,-131,False,44,5
-71,-125,False,44,6
-67,-118,False,44,7
-63,-110,False,44,8
-59,-101,False,44,9
-55,-91,True,44,-9
-51,-100,False,44,-9
-47,-108,False,44,-8
-43,-115,False,44,-7
-39,-121,False,44,-6
-35,-126,False,45,-5
-31,-130,False,45,-4
-27,-133,False,45,-3
-23,-135,False,45,-2
-19,-136,False,45,-1
-15,-136,False,45,0
-11,-135,False,45,1
-7,-133,False,45,2
-3,-130,False,45,3
1,-126,False,45,4
5,-121,False,45,5
9,-115,False,45,6
13,-108,False,45,7
17,-100,False,45,8
21,-91,True,45,-9
25,-100,False,45,-9
29,-108,False,45,-8
33,-115,False,45,-7
37,-121,False,45,-6
41,-126,False,45,-5
45,-130,False,45,-4
49,-133,False,45,-3
53,-135,False,45,-2
57,-136,False,45,-1
-83,-136,False,45,0
-79,-135,False,45,1
-75,-133,False,45,2
-71,-130,False,45,3
-67,-126,False,45,4
-63,-121,False,45,5
-59,-115,False,45,6
-55,-108,False,45,7
-51,-100,False,45,8
-47,-91,True,45,-9
-43,-100,False,45,-9
-39,-108,False,45,-8
-35,-115,False,46,-7
-31,-121,False,46,-6
-27,-126,False,46,-5
-23,-130,False,46,-4
-19,-133,False,46,-3
-15,-135,False,46,-2
-11,-136,False,46,-1
-7,-136,False,46,0
-3,-135,False,46,1
1,-133,False,46,2
5,-130,False,46,3
9,-126,False,46,4
13,-121,False,46,5
17,-115,False,46,6
21,-108,False,46,7
25,-100,False,46,8
29,-91,True,46,-9
33,-100,False,46,-9
37,-108,False,46,-8
41,-115,False,46,-7
45,-121,False,46,-6
49,-126,False,46,-5
53,-130,False,46,-4
57,-133,False,46,-3
-91,-118,False,46,-2
-87,-119,False,46,-1
-83,-119,False,46,0
-79,-118,False,46,1
-75,-116,False,46,2
-71,-113,False,46,3
-67,-109,False,46,4
-63,-104,False,46,5
-59,-98,True,46,-9
-55,-107,False,46,-9
-51,-115,False,46,-8
-47,-122,False,46,-7
-43,-128,False,46,-6
-39,-133,False,46,-5
-35,-137,False,47,-4
-31,-140,False,47,-3
-27,-142,False,47,-2
-23,-143,False,47,-1
-19,-143,False,47,0
-15,-142,False,47,1
-11,-140,False,47,2
-7,-137,False,47,3
-3,-133,False,47,4
1,-128,False,47,5
5,-122,False,47,6
9,-115,False,47,7
13,-107,False,47,8
17,-98,True,47,-9
21,-107,False,47,-9
25,-115,False,47,-8
29,-122,False,47,-7
33,-128,False,47,-6
37,-133,False,47,-5
41,-137,False,47,-4
45,-140,False,47,-3
49,-142,False,47,-2
53,-143,False,47,-1
57,-143,False,47,0
-83,-129,False,47,1
-79,-127,False,47,2
-75,-124,False,47,3
-71,-120,False,47,4
-67,-115,False,47,5
-63,-109,False,47,6
-59,-102,False,47,7
-55,-94,True,47,-9
-51,-103,False,47,-9
-47,-111,False,47,-8
-43,-118,False,47,-7
-39,-124,False,47,-6
-35,-129,False,48,-5
-31,-133,False,48,-4
-27,-136,False,48,-3
-23,-138,False,48,-2
-19,-139,False,48,-1
-15,-139,False,48,0
-11,-138,False,48,1
-7,-136,False,48,2
-3,-133,False,48,3
1,-129,False,48,4
5,-124,False,48,5
9,-118,False,48,6
13,-111,False,48,7
17,-103,False,48,8
21,-94,True,48,-9
25,-103,False,48,-9
29,-111,False,48,-8
33,-118,False,48,-7
37,-124,False,48,-6
41,-129,False,48,-5
45,-133,False,48,-4
49,-136,False,48,-3
53,-138,False,48,-2
57,-139,False,48,-1
-91,-195,False,48,0
-87,-194,False,48,1
-83,-192,False,48,2
-79,-189,False,48,3
-75,-185,False,48,4
-71,-180,False,48,5
-67,-174,False,48,6
-63,-167,False,48,7
-59,-159,False,48,8
-55,-150,False,48,9
-51,-140,False,48,10
-47,-130,False,48,10
-43,-120,False,48,10
-39,-110,False,48,10
-35,-100,False,49,10
-31,-90,True,49,-9
-27,-99,True,49,-9
-23,-108,False,49,-9
-19,-116,False,49,-8
-15,-123,False,49,-7
-11,-129,False,49,-6
-7,-134,False,49,-5
-3,-138,False,49,-4
1,-141,False,49,-3
5,-143,False,49,-2
9,-144,False,49,-1
13,-144,False,49,0
17,-143,False,49,1
21,-141,False,49,2
25,-138,False,49,3
29,-134,False,49,4
33,-129,False,49,5
37,-123,False,49,6
41,-116,False,49,7
45,-108,False,49,8
49,-99,True,49,-9
53,-108,False,49,-9
57,-116,False,49,-8
-83,-93,True,49,-9
-79,-102,False,49,-9
-75,-110,False,49,-8
-71,-117,False,49,-7
-67,-123,False,49,-6
-63,-128,False,49,-5
-59,-132,False,49,-4
-55,-135,False,49,-3
-51,-137,False,49,-2
-47,-138,False,49,-1
-43,-138,False,49,0
-39,-137,False,49,1
-35,-135,False,50,2
-31,-132,False,50,3
-27,-128,False,50,4
-23,-123,False,50,5
-19,-117,False,50,6
-15,-110,False,50,7
-11,-102,False,50,8
-7,-93,True,50,-9
-3,-102,False,50,-9
1,-110,False,50,-8
5,-117,False,50,-7
9,-123,False,50,-6
13,-128,False,50,-5
17,-132,False,50,-4
21,-135,False,50,-3
25,-137,False,50,-2
29,-138,False,50,-1
33,-138,False,50,0
37,-137,False,50,1
41,-135,False,50,2
45,-132,False,50,3
49,-128,False,50,4
53,-123,False,50,5
57,-117,False,50,6
-91,-152,False,50,7
-87,-144,False,50,8
-83,-135,False,50,9
-79,-125,False,50,10
-75,-115,False,50,10
-71,-105,False,50,10
-67,-95,True,50,-9
-63,-104,False,50,-9
-59,-112,False,50,-8
-55,-119,False,50,-7
-51,-125,False,50,-6
-47,-130,False,50,-5
-43,-134,False,50,-4
-39,-137,False,50,-3
-35,-139,False,51,-2
-31,-140,False,51,-1
-27,-140,False,51,0
-23,-139,False,51,1
-19,-137,False,51,2
-15,-134,False,51,3
-11,-130,False,51,4
-7,-125,False,51,5
-3,-119,False,51,6
1,-112,False,51,7
5,-104,False,51,8
9,-95,True,51,-9
13,-104,False,51,-9
17,-112,False,51,-8
21,-119,False,51,-7
25,-125,False,51,-6
29,-130,False,51,-5
33,-134,False,51,-4
37,-137,False,51,-3
41,-139,False,51,-2
45,-140,False,51,-1
49,-140,False,51,0
53,-139,False,51,1
57,-137,False,51,2
-83,-112,False,51,3
-79,-108,False,51,4
-75,-103,False,51,5
-71,-97,True,51,-9
-67,-106,False,51,-9
-63,-114,False,51,-8
-59,-121,False,51,-7
-55,-127,False,51,-6
-51,-132,False,51,-5
-47,-136,False,51,-4
-43,-139,False,51,-3
-39,-141,False,51,-2
-35,-142,False,52,-1
-31,-142,False,52,0
-27,-141,False,52,1
-23,-139,False,52,2
-19,-136,False,52,3
-15,-132,False,52,4
-11,-127,False,52,5
-7,-121,False,52,6
-3,-114,False,52,7
1,-106,False,52,8
5,-97,True,52,-9
9,-106,False,52,-9
13,-114,False,52,-8
17,-121,False,52,-7
21,-127,False,52,-6
25,-132,False,52,-5
29,-136,False,52,-4
33,-139,False,52,-3
37,-141,False,52,-2
41,-142,False,52,-1
45,-142,False,52,0
49,-141,False,52,1
53,-139,False,52,2
57,-136,False,52,3
-91,-130,False,52,4
-87,-125,False,52,5
-83,-119,False,52,6
-79,-112,False,52,7
-75,-104,False,52,8
-71,-95,True,52,-9
-67,-104,False,52,-9
-63,-112,False,52,-8
-59,-119,False,52,-7
-55,-125,False,52,-6
-51,-130,False,52,-5
-47,-134,False,52,-4
-43,-137,False,52,-3
-39,-139,False,52,-2
-35,-140,False,53,-1
-31,-140,False,53,0
-27,-139,False,53,1
-23,-137,False,53,2
-19,-134,False,53,3
-15,-130,False,53,4
-11,-125,False,53,5
-7,-119,False,53,6
-3,-112,False,53,7
1,-104,False,53,8
5,-95,True,53,-9
9,-104,False,53,-9
13,-112,False,53,-8
17,-119,False,53,-7
21,-125,False,53,-6
25,-130,False,53,-5
29,-134,False,53,-4
33,-137,False,53,-3
37,-139,False,53,-2
41,-140,False,53,-1
45,-140,False,53,0
49,-139,False,53,1
53,-137,False,53,2
57,-134,False,53,3
-83,-152,False,53,4
-79,-147,False,53,5
-75,-141,False,53,6
-71,-134,False,53,7
-67,-126,False,53,8
-63,-117,False,53,9
-59,-107,False,53,10
-55,-97,True,53,-9
-51,-106,False,53,-9
-47,-114,False,53,-8
-43,-121,False,53,-7
-39,-127,False,53,-6
-35,-132,False,54,-5
-31,-136,False,54,-4
-27,-139,False,54,-3
-23,-141,False,54,-2
-19,-142,False,54,-1
-15,-142,False,54,0
-11,-141,False,54,1
-7,-139,False,54,2
-3,-136,False,54,3
1,-132,False,54,4
5,-127,False,54,5
9,-121,False,54,6
13,-114,False,54,7
17,-106,False,54,8
21,-97,True,54,-9
25,-106,False,54,-9
29,-114,False,54,-8
33,-121,False,54,-7
37,-127,False,54,-6
41,-132,False,54,-5
45,-136,False,54,-4
49,-139,False,54,-3
53,-141,False,54,-2
57,-142,False,54,-1
-91,-101,False,54,0
-87,-100,False,54,1
-83,-98,True,54,-9
-79,-107,False,54,-9
-75,-115,False,54,-8
-71,-122,False,54,-7
-67,-128,False,54,-6
-63,-133,False,54,-5
-59,-137,False,54,-4
-55,-140,False,54,-3
-51,-142,False,54,-2
-47,-143,False,54,-1
-43,-143,False,54,0
-39,-142,False,54,1
-35,-140,False,55,2
-31,-137,False,55,3
-27,-133,False,55,4
-23,-128,False,55,5
-19,-122,False,55,6
-15,-115,False,55,7
-11,-107,False,55,8
-7,-98,True,55,-9
-3,-107,False,55,-9
1,-115,False,55,-8
5,-122,False,55,-7
9,-128,False,55,-6
13,-133,False,55,-5
17,-137,False,55,-4
21,-140,False,55,-3
25,-142,False,55,-2
29,-143,False,55,-1
33,-143,False,55,0
37,-142,False,55,1
41,-140,False,55,2
45,-137,False,55,3
49,-133,False,55,4
53,-128,False,55,5
57,-122,False,55,6
-83,-138,False,55,7
-79,-130,False,55,8
-75,-121,False,55,9
-71,-111,False,55,10
-67,-101,False,55,10
-63,-91,True,55,-9
-59,-100,False,55,-9
-55,-108,False,55,-8
-51,-115,False,55,-7
-47,-121,False,55,-6
-43,-126,False,55,-5
-39,-130,False,55,-4
-35,-133,False,56,-3
-31,-135,False,56,-2
-27,-136,False,56,-1
-23,-136,False,56,0
-19,-135,False,56,1
-15,-133,False,56,2
-11,-130,False,56,3
-7,-126,False,56,4
-3,-121,False,56,5
1,-115,False,56,6
5,-108,False,56,7
9,-100,False,56,8
13,-91,True,56,-9
17,-100,False,56,-9
21,-108,False,56,-8
25,-115,False,56,-7
29,-121,False,56,-6
33,-126,False,56,-5
37,-130,False,56,-4
41,-133,False,56,-3
45,-135,False,56,-2
49,-136,False,56,-1
53,-136,False,56,0
57,-135,False,56,1
-91,-111,False,56,2
-87,-108,False,56,3
-83,-104,False,56,4
-79,-99,True,56,-9
-75,-108,False,56,-9
-71,-116,False,56,-8
-67,-123,False,56,-7
-63,-129,False,56,-6
-59,-134,False,56,-5
-55,-138,False,56,-4
-51,-141,False,56,-3
-47,-143,False,56,-2
-43,-144,False,56,-1
-39,-144,False,56,0
-35,-143,False,57,1
-31,-141,False,57,2
-27,-138,False,57,3
-23,-134,False,57,4
-19,-129,False,57,5
-15,-123,False,57,6
-11,-116,False,57,7
-7,-108,False,57,8
-3,-99,True,57,-9
1,-108,False,57,-9
5,-116,False,57,-8
9,-123,False,57,-7
13,-129,False,57,-6
17,-134,False,57,-5
21,-138,False,57,-4
25,-141,False,57,-3
29,-143,False,57,-2
33,-144,False,57,-1
37,-144,False,57,0
41,-143,False,57,1
45,-141,False,57,2
49,-138,False,57,3
53,-134,False,57,4
57,-129,False,57,5
-83,-105,False,57,6
-79,-98,True,57,-9
-75,-107,False,57,-9
-71,-115,False,57,-8
-67,-122,False,57,-7
-63,-128,False,57,-6
-59,-133,False,57,-5
-55,-137,False,57,-4
-51,-140,False,57,-3
-47,-142,False,57,-2
-43,-143,False,57,-1
-39,-143,False,57,0
-35,-142,False,58,1
-31,-140,False,58,2
-27,-137,False,58,3
-23,-133,False,58,4
-19,-128,False,58,5
-15,-122,False,58,6
-11,-115,False,58,7
-7,-107,False,58,8
-3,-98,True,58,-9
1,-107,False,58,-9
5,-115,False,58,-8
9,-122,False,58,-7
13,-128,False,58,-6
17,-133,False,58,-5
21,-137,False,58,-4
25,-140,False,58,-3
29,-142,False,58,-2
33,-143,False,58,-1
37,-143,False,58,0
41,-142,False,58,1
45,-140,False,58,2
49,-137,False,58,3
53,-133,False,58,4
57,-128,False,58,5
-91,-114,False,58,6
-87,-107,False,58,7
-83,-99,True,58,-9
-79,-108,False,58,-9
-75,-116,False,58,-8
-71,-123,False,58,-7
-67,-129,False,58,-6
-63,-134,False,58,-5
-59,-138,False,58,-4
-55,-141,False,58,-3
-51,-143,False,58,-2
-47,-144,False,58,-1
-43,-144,False,58,0
-39,-143,False,58,1
-35,-141,False,59,2
-31,-138,False,59,3
-27,-134,False,59,4
-23,-129,False,59,5
-19,-123,False,59,6
-15,-116,False,59,7
-11,-108,False,59,8
-7,-99,True,59,-9
-3,-108,False,59,-9
1,-116,False,59,-8
5,-123,False,59,-7
9,-129,False,59,-6
13,-134,False,59,-5
17,-138,False,59,-4
21,-141,False,59,-3
25,-143,False,59,-2
29,-144,False,59,-1
33,-144,False,59,0
37,-143,False,59,1
41,-141,False,59,2
45,-138,False,59,3
49,-134,False,59,4
53,-129,False,59,5
57,-123,False,59,6
-83,-193,False,59,7
-79,-185,False,59,8
-75,-176,False,59,9
-71,-166,False,59,10
-67,-156,False,59,10
-63,-146,False,59,10
-59,-136,False,59,10
-55,-126,False,59,10
-51,-116,False,59,10
-47,-106,False,59,10
-43,-96,True,59,-9
-39,-105,False,59,-9
-35,-113,False,60,-8
-31,-120,False,60,-7
-27,-126,False,60,-6
-23,-131,False,60,-5
-19,-135,False,60,-4
-15,-138,False,60,-3
-11,-140,False,60,-2
-7,-141,False,60,-1
-3,-141,False,60,0
1,-140,False,60,1
5,-138,False,60,2
9,-135,False,60,3
13,-131,False,60,4
17,-126,False,60,5
21,-120,False,60,6
25,-113,False,60,7
29,-105,False,60,8
33,-96,True,60,-9
37,-105,False,60,-9
41,-113,False,60,-8
45,-120,False,60,-7
49,-126,False,60,-6
53,-131,False,60,-5
57,-135,False,60,-4
-91,-122,False,60,-3
-87,-124,False,60,-2
-83,-125,False,60,-1
-79,-125,False,60,0
-75,-124,False,60,1
-71,-122,False,60,2
-67,-119,False,60,3
-63,-115,False,60,4
-59,-110,False,60,5
-55,-104,False,60,6
-51,-97,True,60,-9
-47,-106,False,60,-9
-43,-114,False,60,-8
-39,-121,False,60,-7
-35,-127,False,61,-6
-31,-132,False,61,-5
-27,-136,False,61,-4
-23,-139,False,61,-3
-19,-141,False,61,-2
-15,-142,False,61,-1
-11,-142,False,61,0
-7,-141,False,61,1
-3,-139,False,61,2
1,-136,False,61,3
5,-132,False,61,4
9,-127,False,61,5
13,-121,False,61,6
17,-114,False,61,7
21,-106,False,61,8
25,-97,True,61,-9
29,-106,False,61,-9
33,-114,False,61,-8
37,-121,False,61,-7
41,-127,False,61,-6
45,-132,False,61,-5
49,-136,False,61,-4
53,-139,False,61,-3
57,-141,False,61,-2
-83,-163,False,61,-1
-79,-163,False,61,0
-75,-162,False,61,1
-71,-160,False,61,2
-67,-157,False,61,3
-63,-153,False,61,4
-59,-148,False,61,5
-55,-142,False,61,6
-51,-135,False,61,7
-47,-127,False,61,8
-43,-118,False,61,9
-39,-108,False,61,10
-35,-98,True,62,-9
-31,-107,False,62,-9
-27,-115,False,62,-8
-23,-122,False,62,-7
-19,-128,False,62,-6
-15,-133,False,62,-5
-11,-137,False,62,-4
-7,-140,False,62,-3
-3,-142,False,62,-2
1,-143,False,62,-1
5,-143,False,62,0
9,-142,False,62,1
13,-140,False,62,2
17,-137,False,62,3
21,-133,False,62,4
25,-128,False,62,5
29,-122,False,62,6
33,-115,False,62,7
37,-107,False,62,8
41,-98,True,62,-9
45,-107,False,62,-9
49,-115,False,62,-8
53,-122,False,62,-7
57,-128,False,62,-6
-91,-79,True,62,-9
-87,-88,True,62,-9
-83,-97,True,62,-9
-79,-106,False,62,-9
-75,-114,False,62,-8
-71,-121,False,62,-7
-67,-127,False,62,-6
-63,-132,False,62,-5
-59,-136,False,62,-4
-55,-139,False,62,-3
-51,-141,False,62,-2
-47,-142,False,62,-1
-43,-142,False,62,0
-39,-141,False,62,1
-35,-139,False,63,2
-31,-136,False,63,3
-27,-132,False,63,4
-23,-127,False,63,5
-19,-121,False,63,6
-15,-114,False,63,7
-11,-106,False,63,8
-7,-97,True,63,-9
-3,-106,False,63,-9
1,-114,False,63,-8
5,-121,False,63,-7
9,-127,False,63,-6
13,-132,False,63,-5
17,-136,False,63,-4
21,-139,False,63,-3
25,-141,False,63,-2
29,-142,False,63,-1
33,-142,False,63,0
37,-141,False,63,1
41,-139,False,63,2
45,-136,False,63,3
49,-132,False,63,4
53,-127,False,63,5
57,-121,False,63,6
-83,-115,False,63,7
-79,-107,False,63,8
-75,-98,True,63,-9
-71,-107,False,63,-9
-67,-115,False,63,-8
-63,-122,False,63,-7
-59,-128,False,63,-6
-55,-133,False,63,-5
-51,-137,False,63,-4
-47,-140,False,63,-3
-43,-142,False,63,-2
-39,-143,False,63,-1
-35,-143,False,64,0
-31,-142,False,64,1
-27,-140,False,64,2
-23,-137,False,64,3
-19,-133,False,64,4
-15,-128,False,64,5
-11,-122,False,64,6
-7,-115,False,64,7
-3,-107,False,64,8
1,-98,True,64,-9
5,-107,False,64,-9
9,-115,False,64,-8
13,-122,False,64,-7
17,-128,False,64,-6
21,-133,False,64,-5
25,-137,False,64,-4
29,-140,False,64,-3
33,-142,False,64,-2
37,-143,False,64,-1
41,-143,False,64,0
45,-142,False,64,1
49,-140,False,64,2
53,-137,False,64,3
57,-133,False,64,4
-91,-93,True,64,-9
-87,-102,False,64,-9
-83,-110,False,64,-8
-79,-117,False,64,-7
-75,-123,False,64,-6
-71,-128,False,64,-5
-67,-132,False,64,-4
-63,-135,False,64,-3
-59,-137,False,64,-2
-55,-138,False,64,-1
-51,-138,False,64,0
-47,-137,False,64,1
-43,-135,False,64,2
-39,-132,False,64,3
-35,-128,False,65,4
-31,-123,False,65,5
-27,-117,False,65,6
-23,-110,False,65,7
-19,-102,False,65,8
-15,-93,True,65,-9
-11,-102,False,65,-9
-7,-110,False,65,-8
-3,-117,False,65,-7
1,-123,False,65,-6
5,-128,False,65,-5
9,-132,False,65,-4
13,-135,False,65,-3
17,-137,False,65,-2
21,-138,False,65,-1
25,-138,False,65,0
29,-137,False,65,1
33,-135,False,65,2
37,-132,False,65,3
41,-128,False,65,4
45,-123,False,65,5
49,-117,False,65,6
53,-110,False,65,7
57,-102,False,65,8
-83,-162,False,65,9
-79,-152,False,65,10
-75,-142,False,65,10
-71,-132,False,65,10
-67,-122,False,65,10
-63,-112,False,65,10
-59,-102,False,65,10
-55,-92,True,65,-9
-51,-101,False,65,-9
-47,-109,False,65,-8
-43,-116,False,65,-7
-39,-122,False,65,-6
-35,-127,False,66,-5
-31,-131,False,66,-4
-27,-134,False,66,-3
-23,-136,False,66,-2
-19,-137,False,66,-1
-15,-137,False,66,0
-11,-136,False,66,1
-7,-134,False,66,2
-3,-131,False,66,3
1,-127,False,66,4
5,-122,False,66,5
9,-116,False,66,6
13,-109,False,66,7
17,-101,False,66,8
21,-92,True,66,-9
25,-101,False,66,-9
29,-109,False,66,-8
33,-116,False,66,-7
37,-122,False,66,-6
41,-127,False,66,-5
45,-131,False,66,-4
49,-134,False,66,-3
53,-136,False,66,-2
57,-137,False,66,-1
-91,-116,False,66,0
-87,-115,False,66,1
-83,-113,False,66,2
-79,-110,False,66,3
-75,-106,False,66,4
-71,-101,False,66,5
-67,-95,True,66,-9
-63,-104,False,66,-9
-59,-112,False,66,-8
-55,-119,False,66,-7
-51,-125,False,66,-6
-47,-130,False,66,-5
-43,-134,False,66,-4
-39,-137,False,66,-3
-35,-139,False,67,-2
-31,-140,False,67,-1
-27,-140,False,67,0
-23,-139,False,67,1
-19,-137,False,67,2
-15,-134,False,67,3
-11,-130,False,67,4
-7,-125,False,67,5
-3,-119,False,67,6
1,-112,False,67,7
5,-104,False,67,8
9,-95,True,67,-9
13,-104,False,67,-9
17,-112,False,67,-8
21,-119,False,67,-7
25,-125,False,67,-6
29,-130,False,67,-5
33,-134,False,67,-4
37,-137,False,67,-3
41,-139,False,67,-2
45,-140,False,67,-1
49,-140,False,67,0
53,-139,False,67,1
57,-137,False,67,2
-83,-104,False,67,3
-79,-100,False,67,4
-75,-95,True,67,-9
-71,-104,False,67,-9
-67,-112,False,67,-8
-63,-119,False,67,-7
-59,-125,False,67,-6
-55,-130,False,67,-5
-51,-134,False,67,-4
-47,-137,False,67,-3
-43,-139,False,67,-2
-39,-140,False,67,-1
-35,-140,False,68,0
-31,-139,False,68,1
-27,-137,False,68,2
-23,-134,False,68,3
-19,-130,False,68,4
-15,-125,False,68,5
-11,-119,False,68,6
-7,-112,False,68,7
-3,-104,False,68,8
1,-95,True,68,-9
5,-104,False,68,-9
9,-112,False,68,-8
13,-119,False,68,-7
17,-125,False,68,-6
21,-130,False,68,-5
25,-134,False,68,-4
29,-137,False,68,-3
33,-139,False,68,-2
37,-140,False,68,-1
41,-140,False,68,0
45,-139,False,68,1
49,-137,False,68,2
53,-134,False,68,3
57,-130,False,68,4
-91,-169,False,68,5
-87,-163,False,68,6
-83,-156,False,68,7
-79,-148,False,68,8
-75,-139,False,68,9
-71,-129,False,68,10
-67,-119,False,68,10
-63,-109,False,68,10
-59,-99,True,68,-9
-55,-108,False,68,-9
-51,-116,False,68,-8
-47,-123,False,68,-7
-43,-129,False,68,-6
-39,-134,False,68,-5
-35,-138,False,69,-4
-31,-141,False,69,-3
-27,-143,False,69,-2
-23,-144,False,69,-1
-19,-144,False,69,0
-15,-143,False,69,1
-11,-141,False,69,2
-7,-138,False,69,3
-3,-134,False,69,4
1,-129,False,69,5
5,-123,False,69,6
9,-116,False,69,7
13,-108,False,69,8
17,-99,True,69,-9
21,-108,False,69,-9
25,-116,False,69,-8
29,-123,False,69,-7
33,-129,False,69,-6
37,-134,False,69,-5
41,-138,False,69,-4
45,-141,False,69,-3
49,-143,False,69,-2
53,-144,False,69,-1
57,-144,False,69,0
-83,-81,True,69,-9
-79,-90,True,69,-9
-75,-99,True,69,-9
-71,-108,False,69,-9
-67,-116,False,69,-8
-63,-123,False,69,-7
-59,-129,False,69,-6
-55,-134,False,69,-5
-51,-138,False,69,-4
-47,-141,False,69,-3
-43,-143,False,69,-2
-39,-144,False,69,-1
-35,-144,False,70,0
-31,-143,False,70,1
-27,-141,False,70,2
-23,-138,False,70,3
-19,-134,False,70,4
-15,-129,False,70,5
-11,-123,False,70,6
-7,-116,False,70,7
-3,-108,False,70,8
1,-99,True,70,-9
5,-108,False,70,-9
9,-116,False,70,-8
13,-123,False,70,-7
17,-129,False,70,-6
21,-134,False,70,-5
25,-138,False,70,-4
29,-141,False,70,-3
33,-143,False,70,-2
37,-144,False,70,-1
41,-144,False,70,0
45,-143,False,70,1
49,-141,False,70,2
53,-138,False,70,3
57,-134,False,70,4
-91,-211,False,70,5
-87,-205,False,70,6
-83,-198,False,70,7
-79,-190,False,70,8
-75,-181,False,70,9
-71,-171,False,70,10
-67,-161,False,70,10
-63,-151,False,70,10
-59,-141,False,70,10
-55,-131,False,70,10
-51,-121,False,70,10
-47,-111,False,70,10
-43,-101,False,70,10
-39,-91,True,70,-9
-35,-100,False,71,-9
-31,-108,False,71,-8
-27,-115,False,71,-7
-23,-121,False,71,-6
-19,-126,False,71,-5
-15,-130,False,71,-4
-11,-133,False,71,-3
-7,-135,False,71,-2
-3,-136,False,71,-1
1,-136,False,71,0
5,-135,False,71,1
9,-133,False,71,2
13,-130,False,71,3
17,-126,False,71,4
21,-121,False,71,5
25,-115,False,71,6
29,-108,False,71,7
33,-100,False,71,8
37,-91,True,71,-9
41,-100,False,71,-9
45,-108,False,71,-8
49,-115,False,71,-7
53,-121,False,71,-6
57,-126,False,71,-5
-83,-111,False,71,-4
-79,-114,False,71,-3
-75,-116,False,71,-2
-71,-117,False,71,-1
-67,-117,False,71,0
-63,-116,False,71,1
-59,-114,False,71,2
-55,-111,False,71,3
-51,-107,False,71,4
-47,-102,False,71,5
-43,-96,True,71,-9
-39,-105,False,71,-9
-35,-113,False,72,-8
-31,-120,False,72,-7
-27,-126,False,72,-6
-23,-131,False,72,-5
-19,-135,False,72,-4
-15,-138,False,72,-3
-11,-140,False,72,-2
-7,-141,False,72,-1
-3,-141,False,72,0
1,-140,False,72,1
5,-138,False,72,2
9,-135,False,72,3
13,-131,False,72,4
17,-126,False,72,5
21,-120,False,72,6
25,-113,False,72,7
29,-105,False,72,8
33,-96,True,72,-9
37,-105,False,72,-9
41,-113,False,72,-8
45,-120,False,72,-7
49,-126,False,72,-6
53,-131,False,72,-5
57,-135,False,72,-4
-91,-115,False,72,-3
-87,-117,False,72,-2
-83,-118,False,72,-1
-79,-118,False,72,0
-75,-117,False,72,1
-71,-115,False,72,2
-67,-112,False,72,3
-63,-108,False,72,4
-59,-103,False,72,5
-55,-97,True,72,-9
-51,-106,False,72,-9
-47,-114,False,72,-8
-43,-121,False,72,-7
-39,-127,False,72,-6
-35,-132,False,73,-5
-31,-136,False,73,-4
-27,-139,False,73,-3
-23,-141,False,73,-2
-19,-142,False,73,-1
-15,-142,False,73,0
-11,-141,False,73,1
-7,-139,False,73,2
-3,-136,False,73,3
1,-132,False,73,4
5,-127,False,73,5
9,-121,False,73,6
13,-114,False,73,7
17,-106,False,73,8
21,-97,True,73,-9
25,-106,False,73,-9
29,-114,False,73,-8
33,-121,False,73,-7
37,-127,False,73,-6
41,-132,False,73,-5
45,-136,False,73,-4
49,-139,False,73,-3
53,-141,False,73,-2
57,-142,False,73,-1
-83,-109,False,73,0
-79,-108,False,73,1
-75,-106,False,73,2
-71,-103,False,73,3
-67,-99,True,73,-9
-63,-108,False,73,-9
-59,-116,False,73,-8
-55,-123,False,73,-7
-51,-129,False,73,-6
-47,-134,False,73,-5
-43,-138,False,73,-4
-39,-141,False,73,-3
-35,-143,False,74,-2
-31,-144,False,74,-1
-27,-144,False,74,0
-23,-143,False,74,1
-19,-141,False,74,2
-15,-138,False,74,3
-11,-134,False,74,4
-7,-129,False,74,5
-3,-123,False,74,6
1,-116,False,74,7
5,-108,False,74,8
9,-99,True,74,-9
13,-108,False,74,-9
17,-116,False,74,-8
21,-123,False,74,-7
25,-129,False,74,-6
29,-134,False,74,-5
33,-138,False,74,-4
37,-141,False,74,-3
41,-143,False,74,-2
45,-144,False,74,-1
49,-144,False,74,0
53,-143,False,74,1
57,-141,False,74,2
-91,-159,False,74,3
-87,-155,False,74,4
-83,-150,False,74,5
-79,-144,False,74,6
-75,-137,False,74,7
-71,-129,False,74,8
-67,-120,False,74,9
-63,-110,False,74,10
-59,-100,False,74,10
-55,-90,True,74,-9
-51,-99,True,74,-9
-47,-108,False,74,-9
-43,-116,False,74,-8
-39,-123,False,74,-7
-35,-129,False,75,-6
-31,-134,False,75,-5
-27,-138,False,75,-4
-23,-141,False,75,-3
-19,-143,False,75,-2
-15,-144,False,75,-1
-11,-144,False,75,0
-7,-143,False,75,1
-3,-141,False,75,2
1,-138,False,75,3
5,-134,False,75,4
9,-129,False,75,5
13,-123,False,75,6
17,-116,False,75,7
21,-108,False,75,8
25,-99,True,75,-9
29,-108,False,75,-9
33,-116,False,75,-8
37,-123,False,75,-7
41,-129,False,75,-6
45,-134,False,75,-5
49,-138,False,75,-4
53,-141,False,75,-3
57,-143,False,75,-2
-83,-188,False,75,-1
-79,-188,False,75,0
-75,-187,False,75,1
-71,-185,False,75,2
-67,-182,False,75,3
-63,-178,False,75,4
-59,-173,False,75,5
-55,-167,False,75,6
-51,-160,False,75,7
-47,-152,False,75,8
-43,-143,False,75,9
-39,-133,False,75,10
-35,-123,False,76,10
-31,-113,False,76,10
-27,-103,False,76,10
-23,-93,True,76,-9
-19,-102,False,76,-9
-15,-110,False,76,-8
-11,-117,False,76,-7
-7,-123,False,76,-6
-3,-128,False,76,-5
1,-132,False,76,-4
5,-135,False,76,-3
9,-137,False,76,-2
13,-138,False,76,-1
17,-138,False,76,0
21,-137,False,76,1
25,-135,False,76,2
29,-132,False,76,3
33,-128,False,76,4
37,-123,False,76,5
41,-117,False,76,6
45,-110,False,76,7
49,-102,False,76,8
53,-93,True,76,-9
57,-102,False,76,-9
-91,-125,False,76,-8
-87,-132,False,76,-7
-83,-138,False,76,-6
-79,-143,False,76,-5
-75,-147,False,76,-4
-71,-150,False,76,-3
-67,-152,False,76,-2
-63,-153,False,76,-1
-59,-153,False,76,0
-55,-152,False,76,1
-51,-150,False,76,2
-47,-147,False,76,3
-43,-143,False,76,4
-39,-138,False,76,5
-35,-132,False,77,6
-31,-125,False,77,7
-27,-117,False,77,8
-23,-108,False,77,9
-19,-98,True,77,-9
-15,-107,False,77,-9
-11,-115,False,77,-8
-7,-122,False,77,-7
-3,-128,False,77,-6
1,-133,False,77,-5
5,-137,False,77,-4
9,-140,False,77,-3
13,-142,False,77,-2
17,-143,False,77,-1
21,-143,False,77,0
25,-142,False,77,1
29,-140,False,77,2
33,-137,False,77,3
37,-133,False,77,4
41,-128,False,77,5
45,-122,False,77,6
49,-115,False,77,7
53,-107,False,77,8
57,-98,True,77,-9
-83,-20,True,77,-9
